upsell_id,customer_id,upsell_type,upsell_date,upsell_monthly_fee
1,2,Indoor Camera,2025-10-04,4.99
2,2,Premium Monitoring,2025-08-31,7.99
3,3,Indoor Camera,2025-08-23,4.99
4,3,Extra Sensors,2025-07-24,3.49
5,14,Premium Monitoring,2025-11-20,7.99
6,17,Smoke Detector,2025-05-14,2.99
7,18,Smoke Detector,2024-07-03,2.99
8,27,Outdoor Camera,2024-12-14,6.99
9,27,Indoor Camera,2024-12-18,4.99
10,32,Premium Monitoring,2024-09-16,7.99
11,32,Smoke Detector,2024-08-20,2.99
12,33,Smoke Detector,2024-07-13,2.99
13,39,Extra Sensors,2024-10-14,3.49
14,39,Indoor Camera,2024-10-25,4.99
15,47,Indoor Camera,2025-04-16,4.99
16,49,Premium Monitoring,2025-06-07,7.99
17,64,Premium Monitoring,2026-03-23,7.99
18,68,Premium Monitoring,2024-11-07,7.99
19,69,Indoor Camera,2024-03-06,4.99
20,80,Extra Sensors,2025-07-23,3.49
21,81,Smoke Detector,2026-01-11,2.99
22,81,Extra Sensors,2025-12-04,3.49
23,92,Premium Monitoring,2025-08-22,7.99
24,97,Smoke Detector,2024-08-09,2.99
25,97,Extra Sensors,2024-08-18,3.49
26,99,Smoke Detector,2025-05-07,2.99
27,99,Indoor Camera,2025-04-28,4.99
28,101,Smoke Detector,2026-01-02,2.99
29,113,Outdoor Camera,2025-04-20,6.99
30,115,Premium Monitoring,2025-01-26,7.99
31,119,Premium Monitoring,2024-10-05,7.99
32,119,Smoke Detector,2024-10-12,2.99
33,123,Extra Sensors,2025-06-20,3.49
34,123,Smoke Detector,2025-08-10,2.99
35,133,Outdoor Camera,2024-08-24,6.99
36,133,Extra Sensors,2024-05-01,3.49
37,145,Indoor Camera,2026-04-16,4.99
38,145,Premium Monitoring,2026-02-03,7.99
39,155,Smoke Detector,2025-04-18,2.99
40,159,Indoor Camera,2025-03-12,4.99
41,179,Extra Sensors,2026-02-24,3.49
42,179,Outdoor Camera,2025-12-06,6.99
43,191,Extra Sensors,2025-10-15,3.49
44,191,Outdoor Camera,2025-08-08,6.99
45,199,Outdoor Camera,2024-11-13,6.99
46,199,Smoke Detector,2024-12-29,2.99
47,203,Indoor Camera,2025-03-29,4.99
48,204,Smoke Detector,2025-11-04,2.99
49,222,Smoke Detector,2025-01-20,2.99
50,224,Smoke Detector,2024-10-17,2.99
51,230,Extra Sensors,2024-09-08,3.49
52,231,Outdoor Camera,2025-05-29,6.99
53,231,Extra Sensors,2025-05-26,3.49
54,236,Indoor Camera,2025-10-24,4.99
55,236,Outdoor Camera,2025-10-22,6.99
56,241,Extra Sensors,2024-09-10,3.49
57,241,Premium Monitoring,2024-05-08,7.99
58,249,Indoor Camera,2025-12-16,4.99
59,251,Indoor Camera,2024-07-30,4.99
60,258,Indoor Camera,2024-05-21,4.99
61,275,Extra Sensors,2025-04-09,3.49
62,275,Indoor Camera,2025-03-11,4.99
63,278,Smoke Detector,2025-11-05,2.99
64,278,Extra Sensors,2025-09-14,3.49
65,279,Premium Monitoring,2024-06-24,7.99
66,299,Indoor Camera,2025-01-02,4.99
67,301,Extra Sensors,2025-01-02,3.49
68,309,Indoor Camera,2024-12-07,4.99
69,313,Outdoor Camera,2024-05-24,6.99
70,316,Outdoor Camera,2025-05-30,6.99
71,317,Premium Monitoring,2025-09-09,7.99
72,323,Outdoor Camera,2025-07-05,6.99
73,332,Extra Sensors,2024-11-09,3.49
74,332,Outdoor Camera,2025-01-28,6.99
75,336,Premium Monitoring,2025-11-29,7.99
76,336,Indoor Camera,2026-01-07,4.99
77,354,Outdoor Camera,2025-03-20,6.99
78,354,Premium Monitoring,2025-03-26,7.99
79,355,Indoor Camera,2026-04-23,4.99
80,355,Outdoor Camera,2026-01-24,6.99
81,358,Smoke Detector,2026-01-04,2.99
82,370,Outdoor Camera,2025-09-11,6.99
83,377,Indoor Camera,2025-10-08,4.99
84,377,Outdoor Camera,2025-11-12,6.99
85,378,Premium Monitoring,2025-11-05,7.99
86,381,Extra Sensors,2024-03-25,3.49
87,381,Smoke Detector,2024-03-05,2.99
88,382,Indoor Camera,2026-02-07,4.99
89,382,Smoke Detector,2026-03-18,2.99
90,390,Smoke Detector,2024-10-04,2.99
91,394,Outdoor Camera,2025-06-13,6.99
92,394,Smoke Detector,2025-05-28,2.99
93,396,Smoke Detector,2025-10-15,2.99
94,403,Outdoor Camera,2024-11-13,6.99
95,405,Extra Sensors,2025-06-14,3.49
96,405,Indoor Camera,2025-01-26,4.99
97,406,Premium Monitoring,2025-05-15,7.99
98,406,Outdoor Camera,2025-03-08,6.99
99,408,Extra Sensors,2024-08-06,3.49
100,408,Indoor Camera,2024-09-28,4.99
101,410,Indoor Camera,2024-03-09,4.99
102,410,Smoke Detector,2024-05-31,2.99
103,412,Smoke Detector,2024-07-14,2.99
104,412,Outdoor Camera,2024-11-08,6.99
105,418,Extra Sensors,2024-05-12,3.49
106,419,Smoke Detector,2024-09-09,2.99
107,425,Extra Sensors,2025-03-10,3.49
108,425,Indoor Camera,2025-01-20,4.99
109,427,Premium Monitoring,2025-12-28,7.99
110,438,Indoor Camera,2026-04-20,4.99
111,438,Extra Sensors,2025-12-10,3.49
112,440,Extra Sensors,2025-02-03,3.49
113,440,Smoke Detector,2025-04-10,2.99
114,442,Extra Sensors,2024-08-25,3.49
115,445,Indoor Camera,2025-02-02,4.99
116,448,Extra Sensors,2026-05-17,3.49
117,448,Premium Monitoring,2026-03-04,7.99
118,451,Smoke Detector,2026-01-15,2.99
119,457,Smoke Detector,2024-10-08,2.99
120,457,Indoor Camera,2024-10-10,4.99
121,459,Indoor Camera,2026-02-17,4.99
122,459,Premium Monitoring,2025-12-17,7.99
123,469,Outdoor Camera,2024-08-07,6.99
124,480,Extra Sensors,2024-07-25,3.49
125,480,Smoke Detector,2024-09-12,2.99
126,494,Indoor Camera,2025-08-04,4.99
127,494,Extra Sensors,2025-06-29,3.49
128,509,Smoke Detector,2024-10-23,2.99
129,509,Indoor Camera,2024-09-02,4.99
130,531,Premium Monitoring,2025-07-28,7.99
131,536,Indoor Camera,2024-08-27,4.99
132,536,Extra Sensors,2024-07-24,3.49
133,537,Indoor Camera,2025-03-08,4.99
134,539,Smoke Detector,2025-05-18,2.99
135,539,Extra Sensors,2025-07-12,3.49
136,549,Smoke Detector,2025-06-26,2.99
137,549,Outdoor Camera,2025-02-04,6.99
138,550,Smoke Detector,2025-07-11,2.99
139,550,Extra Sensors,2025-10-14,3.49
140,557,Indoor Camera,2025-10-14,4.99
141,557,Outdoor Camera,2025-10-20,6.99
142,558,Extra Sensors,2025-12-15,3.49
143,569,Smoke Detector,2025-06-12,2.99
144,570,Outdoor Camera,2025-05-19,6.99
145,578,Indoor Camera,2025-05-29,4.99
146,578,Smoke Detector,2025-03-21,2.99
147,580,Indoor Camera,2024-08-20,4.99
148,580,Smoke Detector,2024-06-16,2.99
149,581,Indoor Camera,2024-08-20,4.99
150,589,Outdoor Camera,2026-01-22,6.99
151,591,Indoor Camera,2026-01-29,4.99
152,594,Premium Monitoring,2026-01-07,7.99
153,596,Premium Monitoring,2026-01-01,7.99
154,605,Premium Monitoring,2025-10-14,7.99
155,610,Extra Sensors,2026-01-29,3.49
156,610,Outdoor Camera,2026-03-03,6.99
157,619,Premium Monitoring,2024-02-25,7.99
158,619,Smoke Detector,2024-03-25,2.99
159,622,Indoor Camera,2025-05-07,4.99
160,624,Extra Sensors,2025-01-13,3.49
161,627,Smoke Detector,2024-09-26,2.99
162,628,Extra Sensors,2024-11-29,3.49
163,628,Outdoor Camera,2025-02-23,6.99
164,633,Extra Sensors,2024-12-12,3.49
165,633,Outdoor Camera,2025-04-22,6.99
166,635,Extra Sensors,2024-06-16,3.49
167,635,Outdoor Camera,2024-08-29,6.99
168,641,Premium Monitoring,2025-10-11,7.99
169,641,Extra Sensors,2025-06-08,3.49
170,643,Premium Monitoring,2026-01-28,7.99
171,643,Indoor Camera,2025-10-29,4.99
172,660,Indoor Camera,2024-11-11,4.99
173,667,Indoor Camera,2025-05-20,4.99
174,667,Smoke Detector,2025-01-27,2.99
175,669,Outdoor Camera,2025-12-09,6.99
176,669,Extra Sensors,2025-12-24,3.49
177,670,Smoke Detector,2024-07-05,2.99
178,671,Indoor Camera,2026-01-22,4.99
179,678,Indoor Camera,2024-08-11,4.99
180,678,Premium Monitoring,2024-03-21,7.99
181,679,Extra Sensors,2025-06-23,3.49
182,681,Extra Sensors,2025-08-19,3.49
183,683,Indoor Camera,2026-03-31,4.99
184,683,Premium Monitoring,2026-05-08,7.99
185,695,Smoke Detector,2024-04-18,2.99
186,695,Outdoor Camera,2024-07-09,6.99
187,696,Smoke Detector,2024-10-13,2.99
188,706,Extra Sensors,2025-05-14,3.49
189,711,Extra Sensors,2025-07-24,3.49
190,711,Smoke Detector,2025-10-20,2.99
191,712,Smoke Detector,2025-03-28,2.99
192,712,Indoor Camera,2025-04-11,4.99
193,713,Outdoor Camera,2025-12-11,6.99
194,713,Smoke Detector,2025-09-06,2.99
195,715,Smoke Detector,2026-01-23,2.99
196,715,Outdoor Camera,2026-01-14,6.99
197,721,Premium Monitoring,2024-09-28,7.99
198,721,Extra Sensors,2024-06-15,3.49
199,739,Smoke Detector,2025-08-19,2.99
200,739,Extra Sensors,2025-07-30,3.49
201,740,Indoor Camera,2025-11-16,4.99
202,741,Smoke Detector,2025-12-12,2.99
203,748,Extra Sensors,2025-02-01,3.49
204,751,Premium Monitoring,2026-03-06,7.99
205,752,Smoke Detector,2024-05-11,2.99
206,756,Premium Monitoring,2025-01-29,7.99
207,756,Extra Sensors,2024-12-30,3.49
208,759,Extra Sensors,2024-07-11,3.49
209,771,Extra Sensors,2025-07-09,3.49
210,771,Indoor Camera,2025-10-01,4.99
211,775,Smoke Detector,2026-03-03,2.99
212,775,Outdoor Camera,2025-11-30,6.99
213,776,Outdoor Camera,2025-12-12,6.99
214,779,Premium Monitoring,2024-10-30,7.99
215,788,Indoor Camera,2025-08-29,4.99
216,796,Outdoor Camera,2024-12-05,6.99
217,799,Smoke Detector,2024-12-21,2.99
218,799,Indoor Camera,2024-10-16,4.99
219,800,Premium Monitoring,2025-02-27,7.99
220,810,Indoor Camera,2026-03-04,4.99
221,810,Premium Monitoring,2026-03-15,7.99
222,816,Indoor Camera,2026-01-05,4.99
223,820,Extra Sensors,2026-01-30,3.49
224,824,Smoke Detector,2025-06-07,2.99
225,830,Indoor Camera,2024-02-24,4.99
226,830,Premium Monitoring,2024-05-08,7.99
227,844,Indoor Camera,2024-07-03,4.99
228,844,Outdoor Camera,2024-02-21,6.99
229,849,Extra Sensors,2026-02-17,3.49
230,856,Outdoor Camera,2026-01-09,6.99
231,859,Smoke Detector,2025-06-29,2.99
232,859,Outdoor Camera,2025-08-18,6.99
233,860,Indoor Camera,2025-11-22,4.99
234,864,Premium Monitoring,2025-08-15,7.99
235,864,Extra Sensors,2025-09-12,3.49
236,876,Extra Sensors,2025-02-20,3.49
237,876,Smoke Detector,2025-05-29,2.99
238,887,Smoke Detector,2024-08-04,2.99
239,887,Indoor Camera,2024-02-29,4.99
240,892,Extra Sensors,2025-09-15,3.49
241,892,Indoor Camera,2025-10-07,4.99
242,907,Outdoor Camera,2025-03-09,6.99
243,907,Premium Monitoring,2025-02-03,7.99
244,908,Indoor Camera,2024-08-16,4.99
245,908,Outdoor Camera,2024-07-29,6.99
246,912,Outdoor Camera,2024-07-29,6.99
247,912,Extra Sensors,2024-10-20,3.49
248,914,Indoor Camera,2026-02-15,4.99
249,914,Outdoor Camera,2026-03-17,6.99
250,915,Premium Monitoring,2025-05-12,7.99
251,925,Outdoor Camera,2024-09-29,6.99
252,927,Indoor Camera,2025-03-16,4.99
253,928,Indoor Camera,2025-01-19,4.99
254,935,Smoke Detector,2024-12-26,2.99
255,943,Outdoor Camera,2025-11-30,6.99
256,943,Indoor Camera,2026-02-27,4.99
257,944,Extra Sensors,2025-04-29,3.49
258,953,Premium Monitoring,2025-08-21,7.99
259,953,Smoke Detector,2025-05-03,2.99
260,958,Indoor Camera,2025-08-11,4.99
261,958,Premium Monitoring,2025-06-14,7.99
262,960,Premium Monitoring,2025-02-04,7.99
263,960,Outdoor Camera,2025-01-13,6.99
264,970,Indoor Camera,2024-03-16,4.99
265,970,Extra Sensors,2024-05-30,3.49
266,979,Premium Monitoring,2025-02-25,7.99
267,993,Premium Monitoring,2024-08-11,7.99
268,996,Extra Sensors,2025-07-09,3.49
269,996,Smoke Detector,2025-09-03,2.99
270,1004,Extra Sensors,2026-03-08,3.49
271,1006,Indoor Camera,2026-01-10,4.99
272,1006,Outdoor Camera,2026-03-31,6.99
273,1010,Smoke Detector,2025-05-22,2.99
274,1010,Extra Sensors,2025-05-21,3.49
275,1011,Premium Monitoring,2024-09-08,7.99
276,1013,Extra Sensors,2024-11-24,3.49
277,1013,Indoor Camera,2024-11-17,4.99
278,1030,Extra Sensors,2024-11-23,3.49
279,1031,Indoor Camera,2025-03-20,4.99
280,1035,Smoke Detector,2024-08-13,2.99
281,1038,Indoor Camera,2024-04-25,4.99
282,1039,Outdoor Camera,2025-01-28,6.99
283,1051,Smoke Detector,2025-01-25,2.99
284,1055,Indoor Camera,2024-04-12,4.99
285,1057,Outdoor Camera,2025-04-16,6.99
286,1059,Outdoor Camera,2025-04-23,6.99
287,1072,Premium Monitoring,2024-10-25,7.99
288,1072,Smoke Detector,2024-07-08,2.99
289,1073,Outdoor Camera,2025-12-17,6.99
290,1073,Smoke Detector,2025-08-09,2.99
291,1077,Indoor Camera,2025-09-27,4.99
292,1083,Premium Monitoring,2026-05-15,7.99
293,1093,Smoke Detector,2026-02-04,2.99
294,1093,Extra Sensors,2025-10-19,3.49
295,1102,Premium Monitoring,2025-03-11,7.99
296,1102,Smoke Detector,2025-03-02,2.99
297,1104,Smoke Detector,2024-07-16,2.99
298,1105,Premium Monitoring,2024-11-03,7.99
299,1106,Outdoor Camera,2024-08-13,6.99
300,1106,Premium Monitoring,2024-08-14,7.99
301,1109,Extra Sensors,2025-12-25,3.49
302,1109,Smoke Detector,2026-05-06,2.99
303,1114,Premium Monitoring,2024-12-14,7.99
304,1122,Extra Sensors,2024-07-19,3.49
305,1123,Outdoor Camera,2024-07-30,6.99
306,1123,Extra Sensors,2024-07-25,3.49
307,1128,Extra Sensors,2025-08-27,3.49
308,1134,Smoke Detector,2025-12-08,2.99
309,1136,Outdoor Camera,2024-02-27,6.99
310,1136,Extra Sensors,2024-06-07,3.49
311,1137,Outdoor Camera,2025-08-20,6.99
312,1137,Premium Monitoring,2025-10-02,7.99
313,1138,Smoke Detector,2024-12-30,2.99
314,1144,Outdoor Camera,2025-11-15,6.99
315,1144,Extra Sensors,2025-12-22,3.49
316,1152,Outdoor Camera,2025-01-21,6.99
317,1157,Extra Sensors,2024-07-09,3.49
318,1164,Premium Monitoring,2025-07-10,7.99
319,1167,Extra Sensors,2024-04-18,3.49
320,1167,Indoor Camera,2024-05-08,4.99
321,1171,Premium Monitoring,2025-09-05,7.99
322,1171,Smoke Detector,2025-06-14,2.99
323,1174,Smoke Detector,2024-08-25,2.99
324,1177,Premium Monitoring,2025-01-24,7.99
325,1177,Smoke Detector,2024-12-07,2.99
326,1187,Outdoor Camera,2024-08-07,6.99
327,1188,Premium Monitoring,2025-07-06,7.99
328,1199,Indoor Camera,2025-11-11,4.99
329,1206,Indoor Camera,2025-11-20,4.99
330,1206,Outdoor Camera,2026-03-29,6.99
331,1217,Indoor Camera,2025-03-11,4.99
332,1217,Smoke Detector,2025-01-23,2.99
333,1221,Indoor Camera,2025-09-03,4.99
334,1232,Extra Sensors,2025-08-08,3.49
335,1234,Extra Sensors,2025-08-11,3.49
336,1234,Outdoor Camera,2025-08-13,6.99
337,1237,Outdoor Camera,2024-05-22,6.99
338,1237,Smoke Detector,2024-03-23,2.99
339,1239,Smoke Detector,2024-10-30,2.99
340,1239,Indoor Camera,2024-10-20,4.99
341,1244,Smoke Detector,2025-04-11,2.99
342,1249,Extra Sensors,2025-02-03,3.49
343,1258,Extra Sensors,2025-02-26,3.49
344,1261,Outdoor Camera,2024-12-16,6.99
345,1261,Indoor Camera,2024-12-01,4.99
346,1264,Extra Sensors,2025-11-01,3.49
347,1264,Smoke Detector,2025-09-04,2.99
348,1275,Extra Sensors,2026-01-04,3.49
349,1275,Indoor Camera,2025-12-08,4.99
350,1277,Extra Sensors,2025-07-13,3.49
351,1277,Premium Monitoring,2025-07-31,7.99
352,1281,Extra Sensors,2025-08-27,3.49
353,1281,Outdoor Camera,2025-08-01,6.99
354,1290,Premium Monitoring,2025-04-16,7.99
355,1290,Smoke Detector,2025-06-03,2.99
356,1299,Premium Monitoring,2025-07-21,7.99
357,1299,Smoke Detector,2025-02-22,2.99
358,1302,Extra Sensors,2025-01-23,3.49
359,1304,Indoor Camera,2025-11-03,4.99
360,1304,Premium Monitoring,2026-01-02,7.99
361,1307,Premium Monitoring,2025-01-01,7.99
362,1307,Extra Sensors,2024-10-06,3.49
363,1309,Smoke Detector,2025-01-13,2.99
364,1309,Outdoor Camera,2025-04-25,6.99
365,1323,Outdoor Camera,2025-06-09,6.99
366,1326,Smoke Detector,2024-07-18,2.99
367,1337,Outdoor Camera,2025-06-14,6.99
368,1340,Outdoor Camera,2025-01-05,6.99
369,1340,Smoke Detector,2025-01-27,2.99
370,1343,Smoke Detector,2024-04-08,2.99
371,1349,Indoor Camera,2025-07-20,4.99
372,1356,Premium Monitoring,2025-06-21,7.99
373,1356,Indoor Camera,2025-06-06,4.99
374,1358,Indoor Camera,2024-07-29,4.99
375,1358,Outdoor Camera,2024-07-06,6.99
376,1369,Premium Monitoring,2026-02-13,7.99
377,1381,Indoor Camera,2026-04-01,4.99
378,1381,Smoke Detector,2026-04-27,2.99
379,1393,Extra Sensors,2026-06-15,3.49
380,1393,Outdoor Camera,2026-06-18,6.99
381,1394,Premium Monitoring,2025-10-01,7.99
382,1396,Indoor Camera,2025-08-24,4.99
383,1396,Extra Sensors,2025-06-23,3.49
384,1398,Indoor Camera,2025-08-10,4.99
385,1398,Premium Monitoring,2025-07-11,7.99
386,1399,Smoke Detector,2024-03-20,2.99
387,1411,Smoke Detector,2024-06-19,2.99
388,1411,Outdoor Camera,2024-03-05,6.99
389,1422,Indoor Camera,2026-04-30,4.99
390,1423,Outdoor Camera,2025-08-23,6.99
391,1423,Premium Monitoring,2025-04-18,7.99
392,1431,Smoke Detector,2025-03-04,2.99
393,1433,Outdoor Camera,2024-07-18,6.99
394,1435,Extra Sensors,2024-11-20,3.49
395,1435,Smoke Detector,2025-01-09,2.99
396,1440,Smoke Detector,2026-05-08,2.99
397,1440,Extra Sensors,2025-12-18,3.49
398,1441,Extra Sensors,2025-12-30,3.49
399,1442,Extra Sensors,2025-07-08,3.49
400,1453,Indoor Camera,2024-04-23,4.99
401,1453,Smoke Detector,2024-05-10,2.99
402,1459,Extra Sensors,2024-07-23,3.49
403,1459,Premium Monitoring,2024-12-14,7.99
404,1461,Outdoor Camera,2025-12-27,6.99
405,1461,Premium Monitoring,2026-01-07,7.99
406,1462,Premium Monitoring,2024-09-22,7.99
407,1464,Indoor Camera,2024-04-15,4.99
408,1464,Extra Sensors,2024-04-15,3.49
409,1472,Premium Monitoring,2025-11-16,7.99
410,1482,Extra Sensors,2024-04-23,3.49
411,1486,Outdoor Camera,2025-11-16,6.99
412,1486,Premium Monitoring,2026-01-31,7.99
413,1488,Smoke Detector,2024-04-24,2.99
414,1488,Extra Sensors,2024-04-29,3.49
415,1491,Extra Sensors,2024-09-03,3.49
416,1492,Indoor Camera,2025-03-19,4.99
417,1492,Premium Monitoring,2025-03-13,7.99
418,1495,Extra Sensors,2025-01-21,3.49
419,1497,Premium Monitoring,2025-06-19,7.99
420,1497,Outdoor Camera,2025-05-10,6.99
421,1505,Smoke Detector,2025-04-28,2.99
422,1505,Indoor Camera,2025-06-03,4.99
423,1509,Premium Monitoring,2026-01-03,7.99
424,1509,Extra Sensors,2025-10-25,3.49
425,1519,Outdoor Camera,2025-03-26,6.99
426,1524,Premium Monitoring,2024-05-14,7.99
427,1524,Extra Sensors,2024-05-08,3.49
428,1525,Extra Sensors,2025-09-08,3.49
429,1555,Extra Sensors,2025-02-07,3.49
430,1555,Smoke Detector,2025-03-03,2.99
431,1559,Premium Monitoring,2026-04-25,7.99
432,1559,Extra Sensors,2026-06-23,3.49
433,1568,Extra Sensors,2025-04-04,3.49
434,1585,Premium Monitoring,2025-09-05,7.99
435,1589,Extra Sensors,2025-10-05,3.49
436,1600,Premium Monitoring,2025-07-12,7.99
437,1607,Premium Monitoring,2024-05-27,7.99
438,1610,Indoor Camera,2024-06-09,4.99
439,1613,Premium Monitoring,2025-06-24,7.99
440,1613,Outdoor Camera,2025-09-03,6.99
441,1614,Extra Sensors,2025-10-23,3.49
442,1615,Extra Sensors,2024-06-09,3.49
443,1623,Outdoor Camera,2026-02-27,6.99
444,1623,Indoor Camera,2026-04-09,4.99
445,1635,Smoke Detector,2025-01-14,2.99
446,1635,Outdoor Camera,2024-11-23,6.99
447,1636,Outdoor Camera,2025-06-20,6.99
448,1642,Premium Monitoring,2024-04-29,7.99
449,1642,Extra Sensors,2024-03-13,3.49
450,1651,Indoor Camera,2024-05-29,4.99
451,1651,Outdoor Camera,2024-09-19,6.99
452,1652,Indoor Camera,2024-06-23,4.99
453,1652,Smoke Detector,2024-01-30,2.99
454,1654,Smoke Detector,2025-06-28,2.99
455,1664,Extra Sensors,2025-05-27,3.49
456,1664,Smoke Detector,2025-08-02,2.99
457,1673,Indoor Camera,2024-10-15,4.99
458,1673,Extra Sensors,2024-11-28,3.49
459,1677,Indoor Camera,2024-10-16,4.99
460,1677,Outdoor Camera,2024-09-28,6.99
461,1679,Extra Sensors,2026-04-17,3.49
462,1687,Extra Sensors,2025-05-06,3.49
463,1689,Outdoor Camera,2026-05-05,6.99
464,1689,Premium Monitoring,2026-02-15,7.99
465,1698,Smoke Detector,2024-10-11,2.99
466,1698,Extra Sensors,2024-05-12,3.49
467,1707,Indoor Camera,2026-01-06,4.99
468,1707,Outdoor Camera,2026-03-11,6.99
469,1710,Indoor Camera,2024-08-31,4.99
470,1710,Outdoor Camera,2024-06-17,6.99
471,1716,Premium Monitoring,2025-12-06,7.99
472,1719,Premium Monitoring,2025-03-05,7.99
473,1719,Indoor Camera,2024-11-09,4.99
474,1728,Indoor Camera,2025-06-20,4.99
475,1738,Outdoor Camera,2024-07-15,6.99
476,1738,Smoke Detector,2024-04-03,2.99
477,1739,Extra Sensors,2024-06-21,3.49
478,1739,Premium Monitoring,2024-06-06,7.99
479,1740,Outdoor Camera,2024-09-15,6.99
480,1740,Smoke Detector,2024-07-10,2.99
481,1744,Smoke Detector,2024-07-14,2.99
482,1746,Outdoor Camera,2026-02-22,6.99
483,1748,Smoke Detector,2025-01-24,2.99
484,1762,Smoke Detector,2025-01-12,2.99
485,1773,Outdoor Camera,2024-10-30,6.99
486,1773,Indoor Camera,2025-02-04,4.99
487,1779,Indoor Camera,2024-09-03,4.99
488,1797,Extra Sensors,2025-12-31,3.49
489,1797,Indoor Camera,2026-05-26,4.99
490,1832,Premium Monitoring,2026-01-13,7.99
491,1836,Smoke Detector,2024-07-21,2.99
492,1836,Extra Sensors,2024-09-14,3.49
493,1838,Indoor Camera,2024-09-09,4.99
494,1841,Smoke Detector,2025-05-01,2.99
495,1841,Premium Monitoring,2025-03-23,7.99
496,1843,Smoke Detector,2025-09-02,2.99
497,1844,Smoke Detector,2025-09-20,2.99
498,1844,Outdoor Camera,2025-12-06,6.99
499,1849,Indoor Camera,2025-02-08,4.99
500,1849,Extra Sensors,2025-04-14,3.49
501,1856,Indoor Camera,2025-12-10,4.99
502,1856,Outdoor Camera,2025-09-30,6.99
503,1857,Premium Monitoring,2025-01-01,7.99
504,1860,Premium Monitoring,2025-11-27,7.99
505,1860,Outdoor Camera,2025-11-07,6.99
506,1862,Indoor Camera,2024-12-09,4.99
507,1862,Premium Monitoring,2024-08-27,7.99
508,1863,Outdoor Camera,2025-12-20,6.99
509,1864,Extra Sensors,2025-01-09,3.49
510,1864,Outdoor Camera,2025-02-28,6.99
511,1866,Indoor Camera,2024-12-20,4.99
512,1872,Extra Sensors,2024-10-22,3.49
513,1884,Extra Sensors,2025-09-26,3.49
514,1884,Outdoor Camera,2025-09-29,6.99
515,1895,Outdoor Camera,2024-05-09,6.99
516,1900,Premium Monitoring,2024-12-07,7.99
517,1900,Outdoor Camera,2024-11-22,6.99
518,1904,Smoke Detector,2024-09-14,2.99
519,1907,Outdoor Camera,2024-08-16,6.99
520,1910,Smoke Detector,2026-04-13,2.99
521,1921,Outdoor Camera,2025-04-04,6.99
522,1921,Premium Monitoring,2025-01-06,7.99
523,1922,Indoor Camera,2025-04-03,4.99
524,1922,Smoke Detector,2025-06-24,2.99
525,1926,Outdoor Camera,2024-04-24,6.99
526,1930,Outdoor Camera,2026-04-13,6.99
527,1931,Smoke Detector,2024-04-04,2.99
528,1931,Extra Sensors,2024-07-14,3.49
529,1935,Premium Monitoring,2024-05-03,7.99
530,1935,Extra Sensors,2024-06-17,3.49
531,1943,Smoke Detector,2025-10-28,2.99
532,1945,Smoke Detector,2025-03-27,2.99
533,1945,Premium Monitoring,2025-02-07,7.99
534,1948,Indoor Camera,2026-04-12,4.99
535,1948,Premium Monitoring,2025-12-01,7.99
536,1959,Outdoor Camera,2025-08-19,6.99
537,1959,Indoor Camera,2025-08-06,4.99
538,1963,Indoor Camera,2024-06-02,4.99
539,1963,Premium Monitoring,2024-10-04,7.99
540,1964,Indoor Camera,2026-01-27,4.99
541,1964,Extra Sensors,2025-12-07,3.49
542,1973,Smoke Detector,2025-10-07,2.99
543,1973,Premium Monitoring,2025-09-18,7.99
544,1974,Outdoor Camera,2024-12-31,6.99
545,1976,Outdoor Camera,2024-07-01,6.99
546,1976,Smoke Detector,2024-04-20,2.99
547,1977,Outdoor Camera,2026-05-05,6.99
548,1978,Outdoor Camera,2025-01-03,6.99
549,1995,Outdoor Camera,2025-08-02,6.99
550,1995,Smoke Detector,2025-08-14,2.99
551,1997,Smoke Detector,2025-03-08,2.99
552,1998,Indoor Camera,2026-05-22,4.99
553,1998,Outdoor Camera,2026-02-18,6.99
554,1999,Outdoor Camera,2024-11-23,6.99
555,1999,Smoke Detector,2024-10-10,2.99
556,2001,Indoor Camera,2025-10-15,4.99
557,2001,Extra Sensors,2026-01-26,3.49
558,2002,Indoor Camera,2024-03-10,4.99
559,2002,Premium Monitoring,2024-08-02,7.99
560,2013,Outdoor Camera,2024-06-24,6.99
561,2013,Indoor Camera,2024-07-15,4.99
562,2019,Smoke Detector,2025-10-16,2.99
563,2019,Premium Monitoring,2025-08-06,7.99
564,2023,Indoor Camera,2025-09-03,4.99
565,2025,Premium Monitoring,2024-04-10,7.99
566,2025,Outdoor Camera,2024-07-12,6.99
567,2040,Extra Sensors,2024-12-29,3.49
568,2046,Smoke Detector,2026-06-04,2.99
569,2047,Smoke Detector,2025-03-17,2.99
570,2047,Extra Sensors,2025-04-04,3.49
571,2049,Extra Sensors,2025-10-12,3.49
572,2049,Premium Monitoring,2025-12-06,7.99
573,2051,Premium Monitoring,2024-10-02,7.99
574,2051,Indoor Camera,2024-07-30,4.99
575,2053,Outdoor Camera,2025-02-22,6.99
576,2059,Indoor Camera,2025-01-31,4.99
577,2067,Outdoor Camera,2025-07-21,6.99
578,2067,Premium Monitoring,2025-12-05,7.99
579,2068,Outdoor Camera,2025-12-12,6.99
580,2068,Indoor Camera,2025-12-18,4.99
581,2075,Extra Sensors,2025-08-11,3.49
582,2075,Indoor Camera,2025-09-07,4.99
583,2078,Outdoor Camera,2025-05-01,6.99
584,2079,Extra Sensors,2024-10-24,3.49
585,2079,Outdoor Camera,2024-09-22,6.99
586,2088,Smoke Detector,2025-06-13,2.99
587,2099,Extra Sensors,2025-12-05,3.49
588,2101,Extra Sensors,2025-12-12,3.49
589,2109,Extra Sensors,2024-12-22,3.49
590,2109,Outdoor Camera,2025-01-09,6.99
591,2114,Premium Monitoring,2026-02-28,7.99
592,2132,Outdoor Camera,2026-05-21,6.99
593,2132,Extra Sensors,2026-04-08,3.49
594,2135,Smoke Detector,2025-01-02,2.99
595,2139,Outdoor Camera,2025-05-07,6.99
596,2139,Premium Monitoring,2025-04-21,7.99
597,2142,Smoke Detector,2026-03-02,2.99
598,2147,Premium Monitoring,2024-07-14,7.99
599,2154,Extra Sensors,2025-04-28,3.49
600,2161,Premium Monitoring,2026-01-06,7.99
601,2171,Premium Monitoring,2024-02-29,7.99
602,2183,Premium Monitoring,2025-06-13,7.99
603,2183,Extra Sensors,2025-08-20,3.49
604,2189,Outdoor Camera,2025-02-26,6.99
605,2191,Smoke Detector,2025-02-06,2.99
606,2191,Indoor Camera,2025-01-14,4.99
607,2205,Premium Monitoring,2025-03-13,7.99
608,2209,Smoke Detector,2024-12-07,2.99
609,2211,Indoor Camera,2025-06-11,4.99
610,2211,Outdoor Camera,2025-07-15,6.99
611,2212,Extra Sensors,2025-09-09,3.49
612,2219,Smoke Detector,2024-08-09,2.99
613,2219,Indoor Camera,2024-11-29,4.99
614,2227,Outdoor Camera,2025-12-30,6.99
615,2228,Smoke Detector,2026-01-16,2.99
616,2234,Extra Sensors,2024-06-16,3.49
617,2234,Smoke Detector,2024-06-26,2.99
618,2238,Indoor Camera,2024-08-21,4.99
619,2249,Outdoor Camera,2024-10-11,6.99
620,2257,Premium Monitoring,2026-01-07,7.99
621,2263,Outdoor Camera,2024-05-14,6.99
622,2274,Premium Monitoring,2025-05-25,7.99
623,2274,Outdoor Camera,2025-04-02,6.99
624,2276,Smoke Detector,2025-01-02,2.99
625,2282,Outdoor Camera,2025-01-03,6.99
626,2282,Smoke Detector,2025-03-03,2.99
627,2291,Smoke Detector,2025-04-05,2.99
628,2301,Outdoor Camera,2024-10-17,6.99
629,2301,Extra Sensors,2025-01-06,3.49
630,2315,Outdoor Camera,2024-08-11,6.99
631,2318,Outdoor Camera,2024-12-26,6.99
632,2318,Extra Sensors,2025-04-11,3.49
633,2319,Premium Monitoring,2026-02-27,7.99
634,2319,Extra Sensors,2026-02-01,3.49
635,2322,Premium Monitoring,2024-02-29,7.99
636,2322,Extra Sensors,2024-07-15,3.49
637,2323,Outdoor Camera,2025-02-07,6.99
638,2323,Smoke Detector,2024-10-25,2.99
639,2325,Extra Sensors,2025-10-30,3.49
640,2325,Premium Monitoring,2025-07-28,7.99
641,2331,Premium Monitoring,2024-04-01,7.99
642,2333,Indoor Camera,2024-08-27,4.99
643,2333,Outdoor Camera,2024-10-07,6.99
644,2335,Outdoor Camera,2025-06-22,6.99
645,2335,Indoor Camera,2025-06-14,4.99
646,2337,Premium Monitoring,2025-01-04,7.99
647,2337,Indoor Camera,2025-02-26,4.99
648,2338,Smoke Detector,2025-10-13,2.99
649,2338,Outdoor Camera,2025-12-17,6.99
650,2339,Outdoor Camera,2024-05-23,6.99
651,2345,Premium Monitoring,2025-05-10,7.99
652,2345,Outdoor Camera,2025-06-21,6.99
653,2354,Extra Sensors,2025-03-17,3.49
654,2356,Indoor Camera,2025-01-14,4.99
655,2358,Indoor Camera,2024-06-29,4.99
656,2358,Extra Sensors,2024-07-27,3.49
657,2371,Indoor Camera,2024-03-06,4.99
658,2371,Smoke Detector,2024-07-02,2.99
659,2376,Extra Sensors,2026-01-14,3.49
660,2387,Indoor Camera,2026-03-20,4.99
661,2387,Smoke Detector,2026-03-13,2.99
662,2388,Premium Monitoring,2026-06-07,7.99
663,2388,Outdoor Camera,2026-05-20,6.99
664,2399,Premium Monitoring,2024-10-31,7.99
665,2399,Smoke Detector,2024-09-29,2.99
666,2407,Premium Monitoring,2025-02-13,7.99
667,2407,Smoke Detector,2025-02-13,2.99
668,2413,Premium Monitoring,2026-05-06,7.99
669,2413,Extra Sensors,2025-11-21,3.49
670,2414,Indoor Camera,2025-07-13,4.99
671,2423,Premium Monitoring,2024-08-27,7.99
672,2425,Indoor Camera,2024-11-28,4.99
673,2425,Premium Monitoring,2025-01-08,7.99
674,2428,Outdoor Camera,2025-01-03,6.99
675,2431,Outdoor Camera,2024-06-13,6.99
676,2433,Extra Sensors,2024-07-06,3.49
677,2433,Outdoor Camera,2024-10-12,6.99
678,2436,Indoor Camera,2025-04-26,4.99
679,2437,Outdoor Camera,2025-07-28,6.99
680,2438,Extra Sensors,2025-08-18,3.49
681,2438,Indoor Camera,2025-08-25,4.99
682,2449,Extra Sensors,2025-12-03,3.49
683,2454,Extra Sensors,2025-05-13,3.49
684,2454,Indoor Camera,2025-03-08,4.99
685,2457,Extra Sensors,2025-12-02,3.49
686,2457,Outdoor Camera,2025-10-16,6.99
687,2466,Outdoor Camera,2024-10-16,6.99
688,2471,Smoke Detector,2025-12-07,2.99
689,2471,Extra Sensors,2025-12-06,3.49
690,2472,Smoke Detector,2024-05-23,2.99
691,2472,Premium Monitoring,2024-07-09,7.99
692,2477,Smoke Detector,2025-04-04,2.99
693,2477,Outdoor Camera,2025-03-27,6.99
694,2482,Premium Monitoring,2025-12-11,7.99
695,2482,Outdoor Camera,2026-03-02,6.99
696,2483,Outdoor Camera,2024-06-05,6.99
697,2483,Indoor Camera,2024-10-21,4.99
698,2484,Outdoor Camera,2024-12-21,6.99
699,2494,Smoke Detector,2025-05-16,2.99
700,2516,Indoor Camera,2025-09-10,4.99
701,2516,Outdoor Camera,2025-09-10,6.99
702,2518,Premium Monitoring,2025-06-03,7.99
703,2518,Outdoor Camera,2025-03-25,6.99
704,2522,Smoke Detector,2024-05-11,2.99
705,2526,Extra Sensors,2024-12-06,3.49
706,2526,Smoke Detector,2024-10-18,2.99
707,2527,Smoke Detector,2025-01-04,2.99
708,2527,Indoor Camera,2025-02-28,4.99
709,2529,Premium Monitoring,2024-05-07,7.99
710,2535,Extra Sensors,2025-11-05,3.49
711,2538,Premium Monitoring,2025-03-24,7.99
712,2538,Smoke Detector,2025-03-18,2.99
713,2559,Smoke Detector,2024-06-01,2.99
714,2560,Outdoor Camera,2025-05-11,6.99
715,2561,Extra Sensors,2025-03-08,3.49
716,2561,Premium Monitoring,2025-08-06,7.99
717,2585,Premium Monitoring,2024-12-28,7.99
718,2585,Smoke Detector,2025-01-05,2.99
719,2589,Premium Monitoring,2026-04-15,7.99
720,2589,Outdoor Camera,2026-03-27,6.99
721,2591,Outdoor Camera,2024-03-13,6.99
722,2591,Smoke Detector,2024-05-16,2.99
723,2596,Indoor Camera,2024-09-20,4.99
724,2596,Smoke Detector,2024-05-29,2.99
725,2597,Smoke Detector,2025-05-09,2.99
726,2597,Extra Sensors,2025-06-12,3.49
727,2602,Smoke Detector,2024-08-14,2.99
728,2602,Premium Monitoring,2024-08-09,7.99
729,2607,Outdoor Camera,2025-07-18,6.99
730,2608,Extra Sensors,2024-07-24,3.49
731,2617,Indoor Camera,2026-04-10,4.99
732,2622,Indoor Camera,2025-02-16,4.99
733,2624,Indoor Camera,2026-03-10,4.99
734,2624,Smoke Detector,2026-02-16,2.99
735,2627,Outdoor Camera,2026-01-08,6.99
736,2630,Extra Sensors,2024-03-09,3.49
737,2635,Premium Monitoring,2024-07-15,7.99
738,2650,Premium Monitoring,2024-12-07,7.99
739,2652,Premium Monitoring,2026-02-24,7.99
740,2655,Premium Monitoring,2025-10-28,7.99
741,2661,Smoke Detector,2025-02-28,2.99
742,2668,Outdoor Camera,2026-05-29,6.99
743,2668,Smoke Detector,2026-02-23,2.99
744,2687,Premium Monitoring,2024-08-14,7.99
745,2704,Extra Sensors,2025-11-24,3.49
746,2704,Outdoor Camera,2025-10-09,6.99
747,2719,Indoor Camera,2025-04-08,4.99
748,2720,Outdoor Camera,2024-08-24,6.99
749,2728,Outdoor Camera,2024-03-11,6.99
750,2728,Indoor Camera,2024-05-27,4.99
751,2735,Outdoor Camera,2024-12-20,6.99
752,2735,Indoor Camera,2024-12-25,4.99
753,2739,Indoor Camera,2025-01-30,4.99
754,2747,Indoor Camera,2024-07-03,4.99
755,2747,Outdoor Camera,2024-07-30,6.99
756,2749,Indoor Camera,2024-11-29,4.99
757,2749,Outdoor Camera,2025-04-26,6.99
758,2753,Outdoor Camera,2025-04-11,6.99
759,2753,Extra Sensors,2025-07-19,3.49
760,2754,Extra Sensors,2025-07-15,3.49
761,2754,Indoor Camera,2025-09-21,4.99
762,2755,Premium Monitoring,2026-04-01,7.99
763,2757,Premium Monitoring,2025-11-22,7.99
764,2757,Outdoor Camera,2026-02-08,6.99
765,2758,Premium Monitoring,2025-08-02,7.99
766,2758,Indoor Camera,2025-08-09,4.99
767,2766,Smoke Detector,2025-05-27,2.99
768,2770,Outdoor Camera,2026-01-16,6.99
769,2770,Indoor Camera,2026-01-14,4.99
770,2774,Premium Monitoring,2025-07-02,7.99
771,2775,Extra Sensors,2025-04-15,3.49
772,2781,Indoor Camera,2024-11-15,4.99
773,2781,Premium Monitoring,2025-01-15,7.99
774,2789,Premium Monitoring,2024-05-23,7.99
775,2789,Outdoor Camera,2024-06-27,6.99
776,2802,Indoor Camera,2025-05-13,4.99
777,2802,Smoke Detector,2025-05-08,2.99
778,2804,Indoor Camera,2024-03-15,4.99
779,2804,Extra Sensors,2024-05-02,3.49
780,2823,Smoke Detector,2024-08-18,2.99
781,2830,Indoor Camera,2024-07-10,4.99
782,2840,Outdoor Camera,2026-04-27,6.99
783,2843,Extra Sensors,2025-09-23,3.49
784,2843,Smoke Detector,2025-08-04,2.99
785,2844,Smoke Detector,2025-05-14,2.99
786,2854,Extra Sensors,2024-03-19,3.49
787,2865,Extra Sensors,2024-04-15,3.49
788,2872,Premium Monitoring,2026-04-10,7.99
789,2881,Smoke Detector,2024-04-26,2.99
790,2881,Premium Monitoring,2024-07-19,7.99
791,2885,Outdoor Camera,2024-11-26,6.99
792,2885,Premium Monitoring,2024-11-16,7.99
793,2894,Extra Sensors,2026-02-09,3.49
794,2899,Extra Sensors,2025-12-03,3.49
795,2901,Outdoor Camera,2025-05-25,6.99
796,2901,Premium Monitoring,2025-03-17,7.99
797,2903,Indoor Camera,2025-10-29,4.99
798,2903,Premium Monitoring,2026-01-16,7.99
799,2907,Extra Sensors,2025-08-21,3.49
800,2912,Indoor Camera,2024-08-21,4.99
801,2912,Smoke Detector,2024-05-21,2.99
802,2914,Smoke Detector,2024-07-06,2.99
803,2914,Premium Monitoring,2024-11-21,7.99
804,2920,Indoor Camera,2024-10-29,4.99
805,2924,Indoor Camera,2025-06-25,4.99
806,2933,Indoor Camera,2024-09-04,4.99
807,2954,Outdoor Camera,2025-01-29,6.99
808,2954,Smoke Detector,2025-05-08,2.99
809,2958,Outdoor Camera,2025-01-13,6.99
810,2960,Smoke Detector,2025-01-03,2.99
811,2961,Outdoor Camera,2026-03-14,6.99
812,2961,Extra Sensors,2026-02-26,3.49
813,2964,Extra Sensors,2024-04-29,3.49
814,2970,Premium Monitoring,2025-04-24,7.99
815,2977,Indoor Camera,2025-02-24,4.99
816,2977,Premium Monitoring,2025-01-17,7.99
817,2986,Indoor Camera,2025-07-28,4.99
818,2986,Smoke Detector,2025-08-29,2.99
819,2987,Extra Sensors,2025-10-28,3.49
820,2987,Premium Monitoring,2025-09-02,7.99
821,2994,Indoor Camera,2026-03-10,4.99
822,2994,Extra Sensors,2026-02-23,3.49
823,3005,Outdoor Camera,2025-10-07,6.99
824,3005,Premium Monitoring,2025-06-14,7.99
825,3006,Indoor Camera,2024-12-27,4.99
826,3006,Extra Sensors,2025-01-27,3.49
827,3009,Premium Monitoring,2025-08-10,7.99
828,3009,Outdoor Camera,2025-07-10,6.99
829,3018,Premium Monitoring,2024-08-18,7.99
830,3018,Outdoor Camera,2024-07-11,6.99
831,3023,Outdoor Camera,2025-03-20,6.99
832,3023,Extra Sensors,2025-02-15,3.49
833,3027,Smoke Detector,2024-06-02,2.99
834,3027,Outdoor Camera,2024-06-09,6.99
835,3031,Extra Sensors,2025-08-26,3.49
836,3031,Outdoor Camera,2025-09-05,6.99
837,3036,Indoor Camera,2025-12-11,4.99
838,3039,Outdoor Camera,2024-11-27,6.99
839,3045,Premium Monitoring,2024-10-29,7.99
840,3046,Extra Sensors,2025-10-27,3.49
841,3046,Outdoor Camera,2026-02-16,6.99
842,3056,Indoor Camera,2025-01-20,4.99
843,3061,Premium Monitoring,2024-11-30,7.99
844,3066,Extra Sensors,2025-05-18,3.49
845,3066,Premium Monitoring,2025-06-22,7.99
846,3067,Premium Monitoring,2026-01-11,7.99
847,3067,Indoor Camera,2026-01-31,4.99
848,3078,Outdoor Camera,2025-11-10,6.99
849,3078,Indoor Camera,2025-09-25,4.99
850,3079,Extra Sensors,2024-11-19,3.49
851,3084,Indoor Camera,2024-12-02,4.99
852,3086,Extra Sensors,2024-10-26,3.49
853,3086,Premium Monitoring,2025-03-04,7.99
854,3094,Indoor Camera,2024-07-27,4.99
855,3103,Indoor Camera,2024-03-05,4.99
856,3103,Extra Sensors,2024-04-27,3.49
857,3106,Outdoor Camera,2025-01-09,6.99
858,3108,Premium Monitoring,2024-12-16,7.99
859,3110,Extra Sensors,2024-10-11,3.49
860,3114,Extra Sensors,2026-05-04,3.49
861,3114,Outdoor Camera,2026-02-17,6.99
862,3121,Extra Sensors,2025-05-14,3.49
863,3122,Indoor Camera,2026-01-23,4.99
864,3125,Outdoor Camera,2025-03-22,6.99
865,3125,Smoke Detector,2024-12-25,2.99
866,3126,Indoor Camera,2026-01-18,4.99
867,3127,Extra Sensors,2025-09-28,3.49
868,3127,Indoor Camera,2025-12-27,4.99
869,3141,Indoor Camera,2025-05-19,4.99
870,3141,Smoke Detector,2025-05-09,2.99
871,3157,Premium Monitoring,2025-11-17,7.99
872,3157,Extra Sensors,2025-10-10,3.49
873,3165,Extra Sensors,2024-09-05,3.49
874,3165,Smoke Detector,2024-06-21,2.99
875,3175,Smoke Detector,2026-03-17,2.99
876,3184,Premium Monitoring,2024-03-08,7.99
877,3184,Outdoor Camera,2024-04-26,6.99
878,3194,Smoke Detector,2024-07-01,2.99
879,3202,Smoke Detector,2026-02-19,2.99
880,3207,Smoke Detector,2026-04-29,2.99
881,3224,Smoke Detector,2025-12-25,2.99
882,3224,Outdoor Camera,2025-11-20,6.99
883,3231,Premium Monitoring,2026-02-03,7.99
884,3232,Extra Sensors,2024-10-24,3.49
885,3237,Extra Sensors,2025-03-06,3.49
886,3240,Indoor Camera,2024-03-30,4.99
887,3240,Premium Monitoring,2024-03-03,7.99
888,3241,Smoke Detector,2024-09-29,2.99
889,3241,Extra Sensors,2024-09-10,3.49
890,3256,Outdoor Camera,2024-08-18,6.99
891,3268,Indoor Camera,2025-11-09,4.99
892,3268,Extra Sensors,2025-07-26,3.49
893,3269,Indoor Camera,2024-05-14,4.99
894,3273,Smoke Detector,2025-07-24,2.99
895,3273,Premium Monitoring,2025-10-16,7.99
896,3277,Smoke Detector,2024-04-10,2.99
897,3281,Premium Monitoring,2024-07-14,7.99
898,3281,Outdoor Camera,2024-03-19,6.99
899,3282,Outdoor Camera,2025-07-23,6.99
900,3282,Extra Sensors,2025-08-15,3.49
901,3284,Premium Monitoring,2024-05-12,7.99
902,3284,Smoke Detector,2024-04-12,2.99
903,3294,Extra Sensors,2024-12-27,3.49
904,3308,Extra Sensors,2024-10-05,3.49
905,3308,Smoke Detector,2024-06-13,2.99
906,3315,Outdoor Camera,2025-01-22,6.99
907,3317,Indoor Camera,2025-07-03,4.99
908,3323,Smoke Detector,2025-09-10,2.99
909,3325,Premium Monitoring,2025-04-17,7.99
910,3333,Outdoor Camera,2024-11-26,6.99
911,3333,Premium Monitoring,2024-11-18,7.99
912,3344,Outdoor Camera,2025-08-08,6.99
913,3344,Extra Sensors,2025-05-18,3.49
914,3349,Indoor Camera,2024-04-18,4.99
915,3352,Extra Sensors,2025-12-02,3.49
916,3352,Outdoor Camera,2026-01-18,6.99
917,3354,Premium Monitoring,2025-07-31,7.99
918,3369,Extra Sensors,2025-04-05,3.49
919,3369,Smoke Detector,2025-01-03,2.99
920,3374,Indoor Camera,2025-02-09,4.99
921,3395,Outdoor Camera,2025-02-11,6.99
922,3395,Extra Sensors,2024-10-07,3.49
923,3396,Extra Sensors,2025-09-16,3.49
924,3396,Outdoor Camera,2025-08-16,6.99
925,3405,Extra Sensors,2025-02-24,3.49
926,3405,Outdoor Camera,2025-01-10,6.99
927,3407,Smoke Detector,2025-01-27,2.99
928,3407,Outdoor Camera,2025-01-29,6.99
929,3408,Premium Monitoring,2025-06-13,7.99
930,3412,Premium Monitoring,2026-02-09,7.99
931,3412,Extra Sensors,2026-01-02,3.49
932,3416,Outdoor Camera,2024-11-30,6.99
933,3437,Premium Monitoring,2024-11-10,7.99
934,3437,Indoor Camera,2025-01-19,4.99
935,3439,Extra Sensors,2026-02-18,3.49
936,3443,Premium Monitoring,2025-02-22,7.99
937,3443,Extra Sensors,2025-04-27,3.49
938,3444,Outdoor Camera,2024-07-07,6.99
939,3446,Extra Sensors,2025-10-10,3.49
940,3446,Smoke Detector,2025-08-03,2.99
941,3452,Premium Monitoring,2024-06-17,7.99
942,3452,Extra Sensors,2024-06-03,3.49
943,3454,Premium Monitoring,2025-02-05,7.99
944,3454,Outdoor Camera,2024-12-27,6.99
945,3462,Indoor Camera,2026-02-14,4.99
946,3465,Outdoor Camera,2025-01-17,6.99
947,3465,Extra Sensors,2024-11-02,3.49
948,3498,Smoke Detector,2025-05-30,2.99
949,3498,Extra Sensors,2024-12-25,3.49
950,3506,Premium Monitoring,2026-02-11,7.99
951,3506,Outdoor Camera,2026-01-07,6.99
952,3507,Smoke Detector,2025-12-09,2.99
953,3507,Outdoor Camera,2025-09-13,6.99
954,3508,Outdoor Camera,2025-10-26,6.99
955,3513,Smoke Detector,2024-08-28,2.99
956,3513,Extra Sensors,2024-05-12,3.49
957,3519,Premium Monitoring,2025-07-24,7.99
958,3522,Indoor Camera,2025-02-24,4.99
959,3522,Smoke Detector,2024-10-07,2.99
960,3525,Extra Sensors,2024-10-08,3.49
961,3525,Outdoor Camera,2024-12-08,6.99
962,3527,Outdoor Camera,2024-09-27,6.99
963,3527,Extra Sensors,2024-09-08,3.49
964,3532,Smoke Detector,2024-05-15,2.99
965,3532,Indoor Camera,2024-04-12,4.99
966,3534,Outdoor Camera,2026-04-06,6.99
967,3534,Smoke Detector,2026-02-07,2.99
968,3554,Indoor Camera,2025-10-14,4.99
969,3554,Premium Monitoring,2025-10-26,7.99
970,3555,Extra Sensors,2024-12-17,3.49
971,3555,Premium Monitoring,2025-04-14,7.99
972,3559,Indoor Camera,2024-05-16,4.99
973,3559,Smoke Detector,2024-07-03,2.99
974,3560,Premium Monitoring,2025-04-23,7.99
975,3569,Smoke Detector,2025-08-17,2.99
976,3569,Extra Sensors,2025-10-29,3.49
977,3579,Premium Monitoring,2025-12-30,7.99
978,3579,Outdoor Camera,2026-02-17,6.99
979,3585,Extra Sensors,2025-12-28,3.49
980,3585,Outdoor Camera,2025-11-29,6.99
981,3592,Outdoor Camera,2024-09-06,6.99
982,3592,Extra Sensors,2024-11-18,3.49
983,3597,Extra Sensors,2024-11-25,3.49
984,3597,Indoor Camera,2024-12-31,4.99
985,3605,Outdoor Camera,2026-03-27,6.99
986,3612,Outdoor Camera,2025-05-30,6.99
987,3615,Smoke Detector,2025-10-23,2.99
988,3616,Extra Sensors,2024-12-10,3.49
989,3616,Outdoor Camera,2025-05-18,6.99
990,3619,Premium Monitoring,2025-01-18,7.99
991,3621,Outdoor Camera,2026-02-04,6.99
992,3624,Premium Monitoring,2024-12-08,7.99
993,3636,Premium Monitoring,2025-01-12,7.99
994,3647,Outdoor Camera,2025-05-04,6.99
995,3647,Smoke Detector,2025-06-13,2.99
996,3650,Extra Sensors,2025-12-02,3.49
997,3650,Smoke Detector,2025-12-09,2.99
998,3668,Outdoor Camera,2024-08-22,6.99
999,3668,Premium Monitoring,2024-07-09,7.99
1000,3672,Outdoor Camera,2024-07-11,6.99
1001,3672,Extra Sensors,2024-05-20,3.49
1002,3674,Extra Sensors,2024-05-03,3.49
1003,3677,Smoke Detector,2025-02-08,2.99
1004,3677,Premium Monitoring,2024-12-21,7.99
1005,3686,Extra Sensors,2024-05-13,3.49
1006,3693,Smoke Detector,2024-11-07,2.99
1007,3700,Extra Sensors,2025-08-07,3.49
1008,3700,Premium Monitoring,2025-12-17,7.99
1009,3702,Outdoor Camera,2024-09-10,6.99
1010,3702,Extra Sensors,2024-09-09,3.49
1011,3712,Outdoor Camera,2026-02-04,6.99
1012,3712,Extra Sensors,2026-02-28,3.49
1013,3722,Premium Monitoring,2025-08-18,7.99
1014,3722,Extra Sensors,2025-04-14,3.49
1015,3754,Extra Sensors,2024-08-05,3.49
1016,3762,Premium Monitoring,2025-06-06,7.99
1017,3764,Outdoor Camera,2025-07-06,6.99
1018,3764,Smoke Detector,2025-06-16,2.99
1019,3775,Indoor Camera,2025-03-10,4.99
1020,3776,Indoor Camera,2024-11-06,4.99
1021,3780,Extra Sensors,2025-01-07,3.49
1022,3780,Indoor Camera,2025-05-19,4.99
1023,3791,Indoor Camera,2024-08-16,4.99
1024,3797,Extra Sensors,2025-09-19,3.49
1025,3811,Extra Sensors,2024-06-27,3.49
1026,3816,Indoor Camera,2024-06-09,4.99
1027,3816,Extra Sensors,2024-06-09,3.49
1028,3827,Smoke Detector,2024-11-05,2.99
1029,3831,Smoke Detector,2026-01-08,2.99
1030,3831,Extra Sensors,2025-12-28,3.49
1031,3835,Extra Sensors,2024-09-12,3.49
1032,3836,Outdoor Camera,2025-08-21,6.99
1033,3836,Indoor Camera,2025-10-22,4.99
1034,3840,Premium Monitoring,2026-02-13,7.99
1035,3849,Smoke Detector,2025-12-08,2.99
1036,3849,Premium Monitoring,2025-12-02,7.99
1037,3855,Smoke Detector,2025-06-14,2.99
1038,3864,Smoke Detector,2025-06-18,2.99
1039,3864,Premium Monitoring,2025-06-07,7.99
1040,3868,Smoke Detector,2025-09-26,2.99
1041,3868,Premium Monitoring,2026-01-10,7.99
1042,3870,Outdoor Camera,2025-10-17,6.99
1043,3871,Premium Monitoring,2024-04-16,7.99
1044,3871,Indoor Camera,2024-06-19,4.99
1045,3874,Outdoor Camera,2025-06-05,6.99
1046,3874,Extra Sensors,2025-06-06,3.49
1047,3879,Extra Sensors,2024-08-06,3.49
1048,3879,Indoor Camera,2024-08-31,4.99
1049,3897,Premium Monitoring,2025-07-17,7.99
1050,3897,Extra Sensors,2025-05-04,3.49
1051,3901,Premium Monitoring,2025-02-14,7.99
1052,3905,Smoke Detector,2025-11-09,2.99
1053,3913,Indoor Camera,2024-10-26,4.99
1054,3927,Premium Monitoring,2025-03-14,7.99
1055,3927,Indoor Camera,2025-02-05,4.99
1056,3935,Indoor Camera,2024-08-25,4.99
1057,3936,Outdoor Camera,2025-12-07,6.99
1058,3938,Indoor Camera,2025-04-18,4.99
1059,3940,Outdoor Camera,2025-03-22,6.99
1060,3940,Premium Monitoring,2025-03-14,7.99
1061,3943,Smoke Detector,2025-12-05,2.99
1062,3943,Outdoor Camera,2026-03-14,6.99
1063,3944,Premium Monitoring,2026-05-26,7.99
1064,3944,Outdoor Camera,2026-06-07,6.99
1065,3949,Outdoor Camera,2026-04-03,6.99
1066,3949,Smoke Detector,2026-03-18,2.99
1067,3951,Smoke Detector,2024-12-29,2.99
1068,3959,Premium Monitoring,2024-08-31,7.99
1069,3967,Indoor Camera,2025-10-08,4.99
1070,3967,Smoke Detector,2025-08-28,2.99
1071,3971,Premium Monitoring,2025-02-09,7.99
1072,3974,Premium Monitoring,2024-11-17,7.99
1073,3974,Smoke Detector,2024-11-07,2.99
1074,3981,Extra Sensors,2025-03-06,3.49
1075,3981,Indoor Camera,2024-12-05,4.99
1076,3982,Premium Monitoring,2024-07-22,7.99
1077,3996,Extra Sensors,2024-11-22,3.49
1078,3996,Outdoor Camera,2024-09-23,6.99
1079,3997,Smoke Detector,2024-05-25,2.99
1080,3997,Extra Sensors,2024-02-26,3.49
1081,4002,Indoor Camera,2026-03-06,4.99
1082,4002,Extra Sensors,2025-10-31,3.49
1083,4009,Smoke Detector,2024-07-14,2.99
1084,4009,Premium Monitoring,2024-09-30,7.99
1085,4011,Premium Monitoring,2025-01-02,7.99
1086,4017,Smoke Detector,2024-08-25,2.99
1087,4017,Outdoor Camera,2024-11-20,6.99
1088,4020,Outdoor Camera,2025-08-13,6.99
1089,4020,Extra Sensors,2025-10-18,3.49
1090,4021,Premium Monitoring,2024-08-05,7.99
1091,4021,Extra Sensors,2024-05-30,3.49
1092,4024,Extra Sensors,2024-11-05,3.49
1093,4024,Premium Monitoring,2024-08-14,7.99
1094,4028,Smoke Detector,2024-12-29,2.99
1095,4028,Premium Monitoring,2025-03-14,7.99
1096,4051,Smoke Detector,2025-01-30,2.99
1097,4051,Indoor Camera,2024-12-11,4.99
1098,4058,Indoor Camera,2025-07-02,4.99
1099,4058,Premium Monitoring,2025-02-11,7.99
1100,4075,Outdoor Camera,2024-09-22,6.99
1101,4076,Outdoor Camera,2024-04-02,6.99
1102,4076,Extra Sensors,2024-04-17,3.49
1103,4080,Extra Sensors,2025-08-10,3.49
1104,4080,Premium Monitoring,2025-12-04,7.99
1105,4093,Premium Monitoring,2025-01-11,7.99
1106,4097,Outdoor Camera,2025-02-06,6.99
1107,4102,Indoor Camera,2026-02-02,4.99
1108,4102,Smoke Detector,2026-02-02,2.99
1109,4125,Outdoor Camera,2025-09-14,6.99
1110,4130,Premium Monitoring,2024-12-08,7.99
1111,4130,Outdoor Camera,2024-12-10,6.99
1112,4131,Smoke Detector,2024-01-20,2.99
1113,4131,Indoor Camera,2024-01-24,4.99
1114,4132,Premium Monitoring,2026-04-20,7.99
1115,4132,Indoor Camera,2025-11-25,4.99
1116,4145,Premium Monitoring,2024-08-07,7.99
1117,4145,Extra Sensors,2024-08-13,3.49
1118,4148,Extra Sensors,2025-10-15,3.49
1119,4149,Outdoor Camera,2025-12-01,6.99
1120,4149,Indoor Camera,2026-01-18,4.99
1121,4154,Extra Sensors,2026-04-24,3.49
1122,4155,Outdoor Camera,2024-12-04,6.99
1123,4155,Premium Monitoring,2024-10-20,7.99
1124,4156,Indoor Camera,2024-07-08,4.99
1125,4158,Smoke Detector,2024-12-19,2.99
1126,4158,Premium Monitoring,2024-10-03,7.99
1127,4161,Premium Monitoring,2024-12-04,7.99
1128,4162,Premium Monitoring,2024-12-01,7.99
1129,4171,Outdoor Camera,2025-01-27,6.99
1130,4172,Outdoor Camera,2024-12-16,6.99
1131,4172,Premium Monitoring,2024-10-26,7.99
1132,4178,Premium Monitoring,2025-09-27,7.99
1133,4178,Smoke Detector,2025-08-22,2.99
1134,4184,Outdoor Camera,2026-01-30,6.99
1135,4186,Extra Sensors,2025-04-15,3.49
1136,4190,Smoke Detector,2025-12-16,2.99
1137,4190,Outdoor Camera,2026-01-02,6.99
1138,4205,Extra Sensors,2024-11-04,3.49
1139,4208,Outdoor Camera,2025-12-21,6.99
1140,4208,Smoke Detector,2025-11-29,2.99
1141,4211,Premium Monitoring,2024-04-30,7.99
1142,4226,Premium Monitoring,2024-07-21,7.99
1143,4226,Smoke Detector,2024-09-29,2.99
1144,4231,Extra Sensors,2024-07-20,3.49
1145,4235,Premium Monitoring,2024-11-08,7.99
1146,4235,Outdoor Camera,2024-11-30,6.99
1147,4242,Smoke Detector,2024-08-29,2.99
1148,4243,Outdoor Camera,2025-12-30,6.99
1149,4244,Indoor Camera,2024-03-17,4.99
1150,4244,Smoke Detector,2024-04-05,2.99
1151,4246,Smoke Detector,2024-10-23,2.99
1152,4246,Extra Sensors,2024-10-30,3.49
1153,4255,Premium Monitoring,2025-01-16,7.99
1154,4257,Indoor Camera,2024-09-30,4.99
1155,4258,Smoke Detector,2024-04-07,2.99
1156,4258,Premium Monitoring,2024-06-14,7.99
1157,4260,Indoor Camera,2024-04-19,4.99
1158,4262,Outdoor Camera,2024-07-30,6.99
1159,4265,Outdoor Camera,2025-04-15,6.99
1160,4270,Extra Sensors,2025-03-05,3.49
1161,4270,Indoor Camera,2025-05-23,4.99
1162,4279,Extra Sensors,2025-11-24,3.49
1163,4281,Extra Sensors,2025-06-06,3.49
1164,4281,Premium Monitoring,2025-04-29,7.99
1165,4286,Extra Sensors,2025-10-01,3.49
1166,4286,Outdoor Camera,2025-09-14,6.99
1167,4287,Premium Monitoring,2025-08-14,7.99
1168,4287,Indoor Camera,2025-10-29,4.99
1169,4291,Smoke Detector,2024-06-22,2.99
1170,4298,Smoke Detector,2025-10-14,2.99
1171,4298,Premium Monitoring,2025-07-31,7.99
1172,4306,Indoor Camera,2025-10-15,4.99
1173,4306,Outdoor Camera,2025-11-08,6.99
1174,4311,Smoke Detector,2025-05-26,2.99
1175,4313,Smoke Detector,2025-02-13,2.99
1176,4325,Indoor Camera,2026-02-24,4.99
1177,4330,Premium Monitoring,2025-11-04,7.99
1178,4333,Extra Sensors,2026-02-12,3.49
1179,4337,Smoke Detector,2025-07-26,2.99
1180,4337,Premium Monitoring,2025-12-20,7.99
1181,4347,Smoke Detector,2024-06-23,2.99
1182,4347,Outdoor Camera,2024-03-10,6.99
1183,4348,Extra Sensors,2024-05-06,3.49
1184,4350,Extra Sensors,2025-03-12,3.49
1185,4353,Extra Sensors,2025-02-22,3.49
1186,4359,Extra Sensors,2025-06-17,3.49
1187,4365,Outdoor Camera,2025-06-15,6.99
1188,4367,Premium Monitoring,2024-08-27,7.99
1189,4367,Outdoor Camera,2024-09-10,6.99
1190,4372,Premium Monitoring,2024-07-24,7.99
1191,4374,Indoor Camera,2025-10-11,4.99
1192,4412,Smoke Detector,2025-08-15,2.99
1193,4412,Premium Monitoring,2025-04-27,7.99
1194,4414,Indoor Camera,2025-07-10,4.99
1195,4414,Smoke Detector,2025-06-22,2.99
1196,4421,Smoke Detector,2025-10-20,2.99
1197,4426,Indoor Camera,2025-11-18,4.99
1198,4426,Premium Monitoring,2026-03-02,7.99
1199,4427,Smoke Detector,2024-10-06,2.99
1200,4427,Extra Sensors,2025-01-01,3.49
1201,4429,Premium Monitoring,2025-08-17,7.99
1202,4429,Indoor Camera,2025-08-08,4.99
1203,4431,Extra Sensors,2026-03-21,3.49
1204,4431,Premium Monitoring,2026-04-02,7.99
1205,4432,Outdoor Camera,2024-03-15,6.99
1206,4432,Extra Sensors,2024-06-09,3.49
1207,4441,Outdoor Camera,2024-10-31,6.99
1208,4441,Premium Monitoring,2024-10-28,7.99
1209,4446,Premium Monitoring,2025-02-21,7.99
1210,4446,Extra Sensors,2025-01-05,3.49
1211,4456,Premium Monitoring,2024-03-14,7.99
1212,4456,Extra Sensors,2024-04-14,3.49
1213,4472,Extra Sensors,2025-12-11,3.49
1214,4472,Smoke Detector,2026-03-17,2.99
1215,4477,Smoke Detector,2026-01-22,2.99
1216,4483,Outdoor Camera,2025-12-18,6.99
1217,4486,Extra Sensors,2025-02-14,3.49
1218,4486,Smoke Detector,2024-12-22,2.99
1219,4497,Indoor Camera,2024-12-05,4.99
1220,4497,Premium Monitoring,2024-10-06,7.99
1221,4503,Smoke Detector,2026-04-27,2.99
1222,4504,Indoor Camera,2025-08-27,4.99
1223,4504,Extra Sensors,2026-01-01,3.49
1224,4507,Premium Monitoring,2024-12-11,7.99
1225,4507,Indoor Camera,2024-09-14,4.99
1226,4511,Smoke Detector,2024-08-20,2.99
1227,4518,Premium Monitoring,2024-05-25,7.99
1228,4522,Premium Monitoring,2025-09-25,7.99
1229,4522,Smoke Detector,2025-11-12,2.99
1230,4531,Outdoor Camera,2024-05-08,6.99
1231,4531,Indoor Camera,2024-06-14,4.99
1232,4533,Indoor Camera,2025-09-28,4.99
1233,4539,Outdoor Camera,2025-12-13,6.99
1234,4539,Premium Monitoring,2026-02-18,7.99
1235,4541,Outdoor Camera,2025-05-16,6.99
1236,4554,Premium Monitoring,2025-05-05,7.99
1237,4556,Outdoor Camera,2024-11-01,6.99
1238,4559,Extra Sensors,2025-12-12,3.49
1239,4559,Indoor Camera,2025-08-02,4.99
1240,4560,Outdoor Camera,2025-05-30,6.99
1241,4562,Indoor Camera,2024-12-26,4.99
1242,4565,Extra Sensors,2026-01-19,3.49
1243,4567,Outdoor Camera,2025-07-14,6.99
1244,4567,Premium Monitoring,2025-06-24,7.99
1245,4569,Extra Sensors,2024-09-22,3.49
1246,4569,Indoor Camera,2024-09-22,4.99
1247,4572,Smoke Detector,2024-05-19,2.99
1248,4572,Extra Sensors,2024-04-04,3.49
1249,4579,Premium Monitoring,2024-12-07,7.99
1250,4579,Smoke Detector,2025-01-03,2.99
1251,4584,Premium Monitoring,2025-08-22,7.99
1252,4585,Indoor Camera,2025-06-10,4.99
1253,4591,Outdoor Camera,2025-09-07,6.99
1254,4591,Premium Monitoring,2025-06-14,7.99
1255,4600,Smoke Detector,2025-12-13,2.99
1256,4602,Premium Monitoring,2026-03-02,7.99
1257,4602,Indoor Camera,2025-12-20,4.99
1258,4604,Smoke Detector,2025-07-23,2.99
1259,4604,Premium Monitoring,2025-10-29,7.99
1260,4628,Premium Monitoring,2024-06-05,7.99
1261,4630,Indoor Camera,2024-11-13,4.99
1262,4630,Smoke Detector,2025-02-27,2.99
1263,4632,Smoke Detector,2024-08-14,2.99
1264,4632,Extra Sensors,2024-12-28,3.49
1265,4634,Indoor Camera,2024-09-15,4.99
1266,4644,Outdoor Camera,2024-07-16,6.99
1267,4649,Indoor Camera,2024-09-26,4.99
1268,4651,Smoke Detector,2025-02-23,2.99
1269,4660,Premium Monitoring,2025-05-06,7.99
1270,4660,Indoor Camera,2025-04-26,4.99
1271,4662,Extra Sensors,2025-06-18,3.49
1272,4667,Outdoor Camera,2024-09-27,6.99
1273,4667,Extra Sensors,2024-08-23,3.49
1274,4678,Outdoor Camera,2025-05-31,6.99
1275,4678,Smoke Detector,2025-07-25,2.99
1276,4696,Extra Sensors,2026-01-13,3.49
1277,4697,Extra Sensors,2024-03-06,3.49
1278,4702,Outdoor Camera,2024-06-14,6.99
1279,4708,Smoke Detector,2025-03-17,2.99
1280,4708,Extra Sensors,2025-07-22,3.49
1281,4710,Smoke Detector,2025-04-17,2.99
1282,4710,Outdoor Camera,2025-04-13,6.99
1283,4715,Outdoor Camera,2024-03-06,6.99
1284,4715,Extra Sensors,2024-04-29,3.49
1285,4719,Premium Monitoring,2025-02-12,7.99
1286,4719,Smoke Detector,2025-03-05,2.99
1287,4721,Extra Sensors,2025-08-04,3.49
1288,4721,Indoor Camera,2025-06-20,4.99
1289,4723,Outdoor Camera,2026-03-06,6.99
1290,4724,Smoke Detector,2024-03-01,2.99
1291,4739,Extra Sensors,2024-12-10,3.49
1292,4739,Indoor Camera,2025-01-30,4.99
1293,4743,Extra Sensors,2025-04-04,3.49
1294,4745,Indoor Camera,2025-08-20,4.99
1295,4748,Premium Monitoring,2024-10-22,7.99
1296,4756,Extra Sensors,2025-05-17,3.49
1297,4756,Smoke Detector,2025-08-26,2.99
1298,4757,Indoor Camera,2025-07-15,4.99
1299,4757,Premium Monitoring,2025-08-14,7.99
1300,4760,Premium Monitoring,2025-08-26,7.99
1301,4763,Smoke Detector,2024-04-10,2.99
1302,4767,Premium Monitoring,2025-03-11,7.99
1303,4767,Indoor Camera,2025-03-15,4.99
1304,4785,Indoor Camera,2025-11-29,4.99
1305,4787,Indoor Camera,2025-03-01,4.99
1306,4787,Premium Monitoring,2025-03-15,7.99
1307,4796,Extra Sensors,2024-07-02,3.49
1308,4807,Outdoor Camera,2025-03-07,6.99
1309,4818,Indoor Camera,2025-01-10,4.99
1310,4819,Smoke Detector,2025-02-07,2.99
1311,4822,Extra Sensors,2025-07-18,3.49
1312,4824,Extra Sensors,2026-04-14,3.49
1313,4827,Outdoor Camera,2024-09-14,6.99
1314,4830,Premium Monitoring,2025-04-05,7.99
1315,4830,Smoke Detector,2025-03-18,2.99
1316,4835,Outdoor Camera,2026-05-09,6.99
1317,4835,Smoke Detector,2026-03-01,2.99
1318,4842,Indoor Camera,2024-05-30,4.99
1319,4842,Extra Sensors,2024-05-07,3.49
1320,4851,Extra Sensors,2026-03-02,3.49
1321,4851,Outdoor Camera,2025-11-22,6.99
1322,4860,Outdoor Camera,2025-10-19,6.99
1323,4860,Indoor Camera,2025-11-04,4.99
1324,4865,Smoke Detector,2026-02-07,2.99
1325,4868,Extra Sensors,2024-09-24,3.49
1326,4868,Premium Monitoring,2024-11-04,7.99
1327,4876,Premium Monitoring,2025-10-05,7.99
1328,4876,Outdoor Camera,2025-09-15,6.99
1329,4881,Premium Monitoring,2024-12-29,7.99
1330,4881,Outdoor Camera,2024-11-05,6.99
1331,4887,Indoor Camera,2025-09-01,4.99
1332,4889,Smoke Detector,2024-11-29,2.99
1333,4889,Premium Monitoring,2024-10-30,7.99
1334,4890,Outdoor Camera,2025-01-20,6.99
1335,4890,Indoor Camera,2025-05-05,4.99
1336,4891,Extra Sensors,2025-12-29,3.49
1337,4891,Indoor Camera,2026-01-14,4.99
1338,4894,Outdoor Camera,2024-04-03,6.99
1339,4900,Smoke Detector,2025-05-09,2.99
1340,4900,Premium Monitoring,2025-03-20,7.99
1341,4904,Outdoor Camera,2025-11-03,6.99
1342,4904,Extra Sensors,2025-07-09,3.49
1343,4906,Outdoor Camera,2025-08-08,6.99
1344,4906,Smoke Detector,2025-08-19,2.99
1345,4907,Smoke Detector,2024-10-31,2.99
1346,4914,Smoke Detector,2025-06-01,2.99
1347,4921,Outdoor Camera,2026-02-21,6.99
1348,4921,Indoor Camera,2026-06-02,4.99
1349,4929,Smoke Detector,2024-06-06,2.99
1350,4929,Indoor Camera,2024-07-23,4.99
1351,4930,Extra Sensors,2024-08-09,3.49
1352,4943,Premium Monitoring,2025-09-15,7.99
1353,4969,Smoke Detector,2024-07-25,2.99
1354,4969,Premium Monitoring,2024-03-15,7.99
1355,4970,Smoke Detector,2026-01-05,2.99
1356,4980,Outdoor Camera,2025-05-06,6.99
1357,4982,Outdoor Camera,2025-12-14,6.99
1358,4987,Indoor Camera,2026-05-31,4.99
1359,4987,Extra Sensors,2025-12-28,3.49
1360,4997,Smoke Detector,2025-08-19,2.99
1361,5000,Extra Sensors,2025-05-05,3.49
1362,5000,Indoor Camera,2025-06-09,4.99
